order_id,order_status,order_at
2019121824124115604023361,CANCELLED,2019-12-18T00:00:00.000Z
2019121824091436203105354,CANCELLED,2019-12-18T00:00:00.000Z
2019121824084700539320349,CANCELLED,2019-12-18T00:00:00.000Z
2019121824102340914932359,CANCELLED,2019-12-18T00:00:00.000Z
2019121824042509587647361,CANCELLED,2019-12-18T00:00:00.000Z
2019121824091039618535353,CANCELLED,2019-12-18T00:00:00.000Z
2019121824084709977936350,CANCELLED,2019-12-18T00:00:00.000Z
2019121824100335653045356,CANCELLED,2019-12-18T00:00:00.000Z
2019121824091039618535353,CANCELLED,2019-12-18T00:00:00.000Z
2019121824100335653045356,CANCELLED,2019-12-18T00:00:00.000Z
2019121824124115604023361,CANCELLED,2019-12-18T00:00:00.000Z
2019121824102340914932359,CANCELLED,2019-12-18T00:00:00.000Z
2019121824084700539320349,CANCELLED,2019-12-18T00:00:00.000Z
2019121824091436203105354,CANCELLED,2019-12-18T00:00:00.000Z
2019121824042509587647361,CANCELLED,2019-12-18T00:00:00.000Z
2019121824084709977936350,CANCELLED,2019-12-18T00:00:00.000Z
20191231241111112501902WA,CANCELLED,2019-12-23T00:00:00.000Z
20191231241111112501903WA,CANCELLED,2019-12-23T00:00:00.000Z
20191231241111112501903WA,CANCELLED,2019-12-23T00:00:00.000Z
20191231241111112501902WA,CANCELLED,2019-12-23T00:00:00.000Z
2019121824102340914932359,CANCELLED,2019-12-18T00:00:00.000Z
2019121824124115604023361,CANCELLED,2019-12-18T00:00:00.000Z
2019121824084700539320349,CANCELLED,2019-12-18T00:00:00.000Z
2019121824100335653045356,CANCELLED,2019-12-18T00:00:00.000Z
2019121824084709977936350,CANCELLED,2019-12-18T00:00:00.000Z
2019121824091039618535353,CANCELLED,2019-12-18T00:00:00.000Z
2019121824091436203105354,CANCELLED,2019-12-18T00:00:00.000Z
2019121824042509587647361,CANCELLED,2019-12-18T00:00:00.000Z
2019121824091039618535353,CANCELLED,2019-12-18T00:00:00.000Z
2019121824124115604023361,CANCELLED,2019-12-18T00:00:00.000Z
2019121824100335653045356,CANCELLED,2019-12-18T00:00:00.000Z
2019121824084709977936350,CANCELLED,2019-12-18T00:00:00.000Z
2019121824102340914932359,CANCELLED,2019-12-18T00:00:00.000Z
2019121824042509587647361,CANCELLED,2019-12-18T00:00:00.000Z
2019121824084700539320349,CANCELLED,2019-12-18T00:00:00.000Z
2019121824091436203105354,CANCELLED,2019-12-18T00:00:00.000Z
20191231241111112501902WA,CANCELLED,2019-12-23T00:00:00.000Z
20191231241111112501903WA,CANCELLED,2019-12-23T00:00:00.000Z
20191231241111112501903WA,CANCELLED,2019-12-23T00:00:00.000Z
20191231241111112501902WA,CANCELLED,2019-12-23T00:00:00.000Z
2019121824102340914932359,CANCELLED,2019-12-18T00:00:00.000Z
2019121824124115604023361,CANCELLED,2019-12-18T00:00:00.000Z
2019121824100335653045356,CANCELLED,2019-12-18T00:00:00.000Z
2019121824084700539320349,CANCELLED,2019-12-18T00:00:00.000Z
2019121824084709977936350,CANCELLED,2019-12-18T00:00:00.000Z
2019121824091039618535353,CANCELLED,2019-12-18T00:00:00.000Z
2019121824091436203105354,CANCELLED,2019-12-18T00:00:00.000Z
2019121824042509587647361,CANCELLED,2019-12-18T00:00:00.000Z
2019121824084700539320349,CANCELLED,2019-12-18T00:00:00.000Z
2019121824084709977936350,CANCELLED,2019-12-18T00:00:00.000Z
2019121824091039618535353,CANCELLED,2019-12-18T00:00:00.000Z
2019121824091436203105354,CANCELLED,2019-12-18T00:00:00.000Z
2019121824100335653045356,CANCELLED,2019-12-18T00:00:00.000Z
2019121824042509587647361,CANCELLED,2019-12-18T00:00:00.000Z
2019121824124115604023361,CANCELLED,2019-12-18T00:00:00.000Z
2019121824102340914932359,CANCELLED,2019-12-18T00:00:00.000Z
20191231241111112501902WA,CANCELLED,2019-12-23T00:00:00.000Z
20191231241111112501903WA,CANCELLED,2019-12-23T00:00:00.000Z
20191231241111112501903WA,CANCELLED,2019-12-23T00:00:00.000Z
20191231241111112501902WA,CANCELLED,2019-12-23T00:00:00.000Z
2019121824084700539320349,CANCELLED,2019-12-18T00:00:00.000Z
2019121824100335653045356,CANCELLED,2019-12-18T00:00:00.000Z
2019121824102340914932359,CANCELLED,2019-12-18T00:00:00.000Z
2019121824091436203105354,CANCELLED,2019-12-18T00:00:00.000Z
2019121824124115604023361,CANCELLED,2019-12-18T00:00:00.000Z
2019121824042509587647361,CANCELLED,2019-12-18T00:00:00.000Z
2019121824091039618535353,CANCELLED,2019-12-18T00:00:00.000Z
2019121824084709977936350,CANCELLED,2019-12-18T00:00:00.000Z
2019121824091039618535353,CANCELLED,2019-12-18T00:00:00.000Z
2019121824102340914932359,CANCELLED,2019-12-18T00:00:00.000Z
2019121824084700539320349,CANCELLED,2019-12-18T00:00:00.000Z
2019121824124115604023361,CANCELLED,2019-12-18T00:00:00.000Z
2019121824084709977936350,CANCELLED,2019-12-18T00:00:00.000Z
2019121824100335653045356,CANCELLED,2019-12-18T00:00:00.000Z
2019121824091436203105354,CANCELLED,2019-12-18T00:00:00.000Z
2019121824042509587647361,CANCELLED,2019-12-18T00:00:00.000Z
20191231241111112501902WA,CANCELLED,2019-12-23T00:00:00.000Z
20191231241111112501903WA,CANCELLED,2019-12-23T00:00:00.000Z
20191231241111112501902WA,CANCELLED,2019-12-23T00:00:00.000Z
20191231241111112501903WA,CANCELLED,2019-12-23T00:00:00.000Z
2019121824124115604023361,CANCELLED,2019-12-18T00:00:00.000Z
2019121824100335653045356,CANCELLED,2019-12-18T00:00:00.000Z
2019121824102340914932359,CANCELLED,2019-12-18T00:00:00.000Z
2019121824091039618535353,CANCELLED,2019-12-18T00:00:00.000Z
2019121824042509587647361,CANCELLED,2019-12-18T00:00:00.000Z
2019121824084700539320349,CANCELLED,2019-12-18T00:00:00.000Z
2019121824084709977936350,CANCELLED,2019-12-18T00:00:00.000Z
2019121824091436203105354,CANCELLED,2019-12-18T00:00:00.000Z
2019121824102340914932359,CANCELLED,2019-12-18T00:00:00.000Z
2019121824124115604023361,CANCELLED,2019-12-18T00:00:00.000Z
2019121824091039618535353,CANCELLED,2019-12-18T00:00:00.000Z
2019121824042509587647361,CANCELLED,2019-12-18T00:00:00.000Z
2019121824084709977936350,CANCELLED,2019-12-18T00:00:00.000Z
2019121824100335653045356,CANCELLED,2019-12-18T00:00:00.000Z
2019121824091436203105354,CANCELLED,2019-12-18T00:00:00.000Z
2019121824084700539320349,CANCELLED,2019-12-18T00:00:00.000Z
20191231241111112501902WA,CANCELLED,2019-12-23T00:00:00.000Z
20191231241111112501903WA,CANCELLED,2019-12-23T00:00:00.000Z
20191231241111112501902WA,CANCELLED,2019-12-23T00:00:00.000Z
20191231241111112501903WA,CANCELLED,2019-12-23T00:00:00.000Z
2019121824084700539320349,CANCELLED,2019-12-18T00:00:00.000Z
2019121824102340914932359,CANCELLED,2019-12-18T00:00:00.000Z
2019121824124115604023361,CANCELLED,2019-12-18T00:00:00.000Z
2019121824091039618535353,CANCELLED,2019-12-18T00:00:00.000Z
2019121824084709977936350,CANCELLED,2019-12-18T00:00:00.000Z
2019121824100335653045356,CANCELLED,2019-12-18T00:00:00.000Z
2019121824091436203105354,CANCELLED,2019-12-18T00:00:00.000Z
2019121824042509587647361,CANCELLED,2019-12-18T00:00:00.000Z
2019121824091039618535353,CANCELLED,2019-12-18T00:00:00.000Z
2019121824102340914932359,CANCELLED,2019-12-18T00:00:00.000Z
2019121824084700539320349,CANCELLED,2019-12-18T00:00:00.000Z
2019121824042509587647361,CANCELLED,2019-12-18T00:00:00.000Z
2019121824124115604023361,CANCELLED,2019-12-18T00:00:00.000Z
2019121824100335653045356,CANCELLED,2019-12-18T00:00:00.000Z
2019121824084709977936350,CANCELLED,2019-12-18T00:00:00.000Z
2019121824091436203105354,CANCELLED,2019-12-18T00:00:00.000Z
20191231241111112501902WA,CANCELLED,2019-12-23T00:00:00.000Z
20191231241111112501903WA,CANCELLED,2019-12-23T00:00:00.000Z
20191231241111112501902WA,CANCELLED,2019-12-23T00:00:00.000Z
20191231241111112501903WA,CANCELLED,2019-12-23T00:00:00.000Z
OD161731914722284,CANCELLED,2021-04-01T23:19:07.000Z
OD16173201647946,CANCELLED,2021-04-01T23:36:05.000Z
OD161730083069763,CANCELLED,2021-04-01T18:13:50.000Z
OD161729348834211,CANCELLED,2021-04-01T16:11:28.000Z
OD161729221328391,CANCELLED,2021-04-01T15:50:13.000Z
OD161728837845371,CANCELLED,2021-04-01T14:46:18.000Z
OD161728833064255,CANCELLED,2021-04-01T14:45:31.000Z
OD161728796931974,CANCELLED,2021-04-01T14:39:29.000Z
OD161728713539538,CANCELLED,2021-04-01T14:25:35.000Z
OD161728408105240,CANCELLED,2021-04-01T13:34:41.000Z
OD161728377287685,CANCELLED,2021-04-01T13:29:33.000Z
OD16172819763856,CANCELLED,2021-04-01T12:59:36.000Z
OD161727952108073,CANCELLED,2021-04-01T12:18:41.000Z
OD161727873318478,CANCELLED,2021-04-01T12:05:33.000Z
OD16172786858585,CANCELLED,2021-04-01T12:04:46.000Z
OD161727809196536,CANCELLED,2021-04-01T11:54:52.000Z
OD161727866210228,CANCELLED,2021-04-01T12:04:22.000Z
OD16172782294465,CANCELLED,2021-04-01T11:57:09.000Z
OD161727791978899,CANCELLED,2021-04-01T11:52:00.000Z
OD161727739264464,CANCELLED,2021-04-01T11:43:13.000Z
OD161727673144181,CANCELLED,2021-04-01T11:32:11.000Z
OD161727701225664,CANCELLED,2021-04-01T11:36:52.000Z
OD161727609891068,CANCELLED,2021-04-01T11:21:39.000Z
OD161727610355363,CANCELLED,2021-04-01T11:21:44.000Z
OD161727610367642,CANCELLED,2021-04-01T11:21:44.000Z
OD161727593516055,CANCELLED,2021-04-01T11:18:55.000Z
OD16172750538310,CANCELLED,2021-04-01T11:04:14.000Z
OD161727477323985,CANCELLED,2021-04-01T10:59:33.000Z
OD161727423563570,CANCELLED,2021-04-01T10:50:36.000Z
OD161727395973610,CANCELLED,2021-04-01T10:46:00.000Z
OD161727402899045,CANCELLED,2021-04-01T10:47:09.000Z
OD161727385518213,CANCELLED,2021-04-01T10:44:15.000Z
OD161727390332085,CANCELLED,2021-04-01T10:45:03.000Z
OD16172734590246,CANCELLED,2021-04-01T10:37:39.000Z
OD161727314249540,CANCELLED,2021-04-01T10:32:22.000Z
OD161727317601230,CANCELLED,2021-04-01T10:32:56.000Z
OD161727304079944,CANCELLED,2021-04-01T10:30:41.000Z
OD161727311507366,CANCELLED,2021-04-01T10:31:55.000Z
OD161726992162290,CANCELLED,2021-04-01T09:38:42.000Z
OD161726726491879,CANCELLED,2021-04-01T08:54:25.000Z
OD161726638669625,CANCELLED,2021-04-01T08:39:47.000Z
OD161726587315642,CANCELLED,2021-04-01T08:31:13.000Z
OD161726574221855,CANCELLED,2021-04-01T08:29:02.000Z
OD161726579112838,CANCELLED,2021-04-01T08:29:51.000Z
OD161726533058946,CANCELLED,2021-04-01T08:22:11.000Z
OD161726518481511,CANCELLED,2021-04-01T08:19:45.000Z
OD161726477416289,CANCELLED,2021-04-01T08:12:54.000Z
OD161726422075381,CANCELLED,2021-04-01T08:03:41.000Z
OD161726376549881,CANCELLED,2021-04-01T07:56:05.000Z
OD161726292181771,CANCELLED,2021-04-01T07:42:02.000Z
OD161726276042776,CANCELLED,2021-04-01T07:39:20.000Z
OD161726247998963,CANCELLED,2021-04-01T07:34:40.000Z
OD161726167806847,CANCELLED,2021-04-01T07:21:18.000Z
OD161726023099035,CANCELLED,2021-04-01T06:57:11.000Z
OD161726007187714,CANCELLED,2021-04-01T06:54:32.000Z
OD161726035570549,CANCELLED,2021-04-01T06:59:16.000Z
OD161726011905934,CANCELLED,2021-04-01T06:55:19.000Z
OD161726020872119,CANCELLED,2021-04-01T06:56:49.000Z
OD161726027396995,CANCELLED,2021-04-01T06:57:54.000Z
OD161725993077192,CANCELLED,2021-04-01T06:52:11.000Z
OD161725979116894,CANCELLED,2021-04-01T06:49:51.000Z
OD161725954005794,CANCELLED,2021-04-01T06:45:40.000Z
OD161725854237887,CANCELLED,2021-04-01T06:29:02.000Z
OD161725846072971,CANCELLED,2021-04-01T06:27:41.000Z
OD16172582544155,CANCELLED,2021-04-01T06:24:14.000Z
OD161725774312216,CANCELLED,2021-04-01T06:15:43.000Z
OD161725754290771,CANCELLED,2021-04-01T06:12:23.000Z
OD161725741398454,CANCELLED,2021-04-01T06:10:14.000Z
OD161725711974219,CANCELLED,2021-04-01T06:05:20.000Z
OD161725696933473,CANCELLED,2021-04-01T06:02:49.000Z
OD16172567551398,CANCELLED,2021-04-01T05:59:15.000Z
OD161725662039461,CANCELLED,2021-04-01T05:57:00.000Z
OD161725654205150,CANCELLED,2021-04-01T05:55:42.000Z
OD161725628745790,CANCELLED,2021-04-01T05:51:27.000Z
OD161725621427046,CANCELLED,2021-04-01T05:50:14.000Z
OD161725615644231,CANCELLED,2021-04-01T05:49:16.000Z
OD161725576798870,CANCELLED,2021-04-01T05:42:48.000Z
OD161725537415943,CANCELLED,2021-04-01T05:36:14.000Z
OD161725504874814,CANCELLED,2021-04-01T05:30:49.000Z
OD161725361273674,CANCELLED,2021-04-01T05:06:53.000Z
OD161725355645180,CANCELLED,2021-04-01T05:05:56.000Z
OD16172535217744,CANCELLED,2021-04-01T05:05:22.000Z
OD161725344168883,CANCELLED,2021-04-01T05:04:02.000Z
OD16172534411844,CANCELLED,2021-04-01T05:04:01.000Z
OD161725335525462,CANCELLED,2021-04-01T05:02:35.000Z
OD161725317075058,CANCELLED,2021-04-01T04:59:31.000Z
OD161725292506217,CANCELLED,2021-04-01T04:55:25.000Z
OD161725315638399,CANCELLED,2021-04-01T04:59:16.000Z
OD161725283329116,CANCELLED,2021-04-01T04:53:53.000Z
OD161725245049113,CANCELLED,2021-04-01T04:47:30.000Z
OD161725224922760,CANCELLED,2021-04-01T04:44:09.000Z
OD161725207298442,CANCELLED,2021-04-01T04:41:13.000Z
OD161725203910667,CANCELLED,2021-04-01T04:40:39.000Z
OD161725179167133,CANCELLED,2021-04-01T04:36:32.000Z
OD161725171106789,CANCELLED,2021-04-01T04:35:11.000Z
OD161725159943534,CANCELLED,2021-04-01T04:33:19.000Z
OD16172510811415,CANCELLED,2021-04-01T04:24:41.000Z
OD161725087363292,CANCELLED,2021-04-01T04:21:14.000Z
OD161725077823522,CANCELLED,2021-04-01T04:19:38.000Z
OD161725080882235,CANCELLED,2021-04-01T04:20:09.000Z
OD161725076634175,CANCELLED,2021-04-01T04:19:26.000Z
OD161725005055978,CANCELLED,2021-04-01T04:07:31.000Z
OD16172499743312,CANCELLED,2021-04-01T04:06:14.000Z
OD161724989668854,CANCELLED,2021-04-01T04:04:57.000Z
OD16172494986609,CANCELLED,2021-04-01T03:58:19.000Z
OD161724938373773,CANCELLED,2021-04-01T03:56:24.000Z
OD161724900584056,CANCELLED,2021-04-01T03:50:06.000Z
OD161724822231373,CANCELLED,2021-04-01T03:37:02.000Z
OD161724754635255,CANCELLED,2021-04-01T03:25:46.000Z
OD161724738477844,CANCELLED,2021-04-01T03:23:05.000Z
OD161724754654186,CANCELLED,2021-04-01T03:25:47.000Z
OD161724727456722,CANCELLED,2021-04-01T03:21:15.000Z
OD161724727599713,CANCELLED,2021-04-01T03:21:16.000Z
OD16172471806234,CANCELLED,2021-04-01T03:19:41.000Z
OD161724714366970,CANCELLED,2021-04-01T03:19:04.000Z
OD161724714493028,CANCELLED,2021-04-01T03:19:05.000Z
OD161724711786798,CANCELLED,2021-04-01T03:18:38.000Z
OD161724711126794,CANCELLED,2021-04-01T03:18:31.000Z
OD161724629712093,CANCELLED,2021-04-01T03:04:57.000Z
OD161724622603126,CANCELLED,2021-04-01T03:03:46.000Z
OD161724566273997,CANCELLED,2021-04-01T02:54:23.000Z
OD161724566014987,CANCELLED,2021-04-01T02:54:20.000Z
OD16172451542965,CANCELLED,2021-04-01T02:45:54.000Z
OD161724527310794,CANCELLED,2021-04-01T02:47:53.000Z
OD16172449476875,CANCELLED,2021-04-01T02:42:28.000Z
OD161724309162162,CANCELLED,2021-04-01T02:11:32.000Z
OD161724004411185,CANCELLED,2021-04-01T01:20:44.000Z
OD161723921660550,CANCELLED,2021-04-01T01:06:57.000Z
OD161723923945617,CANCELLED,2021-04-01T01:07:19.000Z
OD16172391279207,CANCELLED,2021-04-01T01:05:28.000Z
OD161723873046874,CANCELLED,2021-04-01T00:58:50.000Z
OD161723838607622,CANCELLED,2021-04-01T00:53:06.000Z
OD161723629852787,CANCELLED,2021-04-01T00:18:19.000Z
OD16172358405624,CANCELLED,2021-04-01T00:10:41.000Z
OD161740742144755,CANCELLED,2021-04-02T23:50:21.000Z
OD161740397397111,CANCELLED,2021-04-02T22:52:54.000Z
OD161740150229643,CANCELLED,2021-04-02T22:11:42.000Z
OD161740443346485,CANCELLED,2021-04-02T23:00:33.000Z
OD161738712603644,CANCELLED,2021-04-02T18:12:06.000Z
OD161738107070545,CANCELLED,2021-04-02T16:31:11.000Z
OD161738060687836,CANCELLED,2021-04-02T16:23:27.000Z
OD161737558542611,CANCELLED,2021-04-02T14:59:45.000Z
OD161737494663480,CANCELLED,2021-04-02T14:49:07.000Z
OD161737417046982,CANCELLED,2021-04-02T14:36:10.000Z
OD16173707071109,CANCELLED,2021-04-02T13:38:27.000Z
OD161737079850568,CANCELLED,2021-04-02T13:39:59.000Z
OD161737050642316,CANCELLED,2021-04-02T13:35:06.000Z
OD161736600196518,CANCELLED,2021-04-02T12:20:01.000Z
OD161736394582072,CANCELLED,2021-04-02T11:45:46.000Z
OD161736251408066,CANCELLED,2021-04-02T11:21:54.000Z
OD16173614727520,CANCELLED,2021-04-02T11:04:33.000Z
OD161736123361683,CANCELLED,2021-04-02T11:00:34.000Z
OD161735899262714,CANCELLED,2021-04-02T10:23:13.000Z
OD16173572505135,CANCELLED,2021-04-02T09:54:11.000Z
OD161735708504425,CANCELLED,2021-04-02T09:51:25.000Z
OD161735640619610,CANCELLED,2021-04-02T09:40:06.000Z
OD161735419907221,CANCELLED,2021-04-02T09:03:19.000Z
OD161735407637551,CANCELLED,2021-04-02T09:01:16.000Z
OD161735305049885,CANCELLED,2021-04-02T08:44:10.000Z
OD161735321906645,CANCELLED,2021-04-02T08:46:59.000Z
OD161735239532730,CANCELLED,2021-04-02T08:33:15.000Z
OD161735226738629,CANCELLED,2021-04-02T08:31:07.000Z
OD161735153022110,CANCELLED,2021-04-02T08:18:50.000Z
OD161735083919258,CANCELLED,2021-04-02T08:07:19.000Z
OD161735070819479,CANCELLED,2021-04-02T08:05:08.000Z
OD161735065106553,CANCELLED,2021-04-02T08:04:11.000Z
OD16173506098862,CANCELLED,2021-04-02T08:03:30.000Z
OD161735078762622,CANCELLED,2021-04-02T08:06:28.000Z
OD161735090501515,CANCELLED,2021-04-02T08:08:25.000Z
OD161735058288967,CANCELLED,2021-04-02T08:03:03.000Z
OD161735063293450,CANCELLED,2021-04-02T08:03:53.000Z
OD161735053094322,CANCELLED,2021-04-02T08:02:11.000Z
OD161735052361846,CANCELLED,2021-04-02T08:02:04.000Z
OD161734906823675,CANCELLED,2021-04-02T07:37:48.000Z
OD161734881845037,CANCELLED,2021-04-02T07:33:38.000Z
OD161734785464911,CANCELLED,2021-04-02T07:17:35.000Z
OD161734588098287,CANCELLED,2021-04-02T06:44:41.000Z
OD161734614723712,CANCELLED,2021-04-02T06:49:07.000Z
OD161734577703357,CANCELLED,2021-04-02T06:42:57.000Z
OD161734563351452,CANCELLED,2021-04-02T06:40:34.000Z
OD161734523287498,CANCELLED,2021-04-02T06:33:53.000Z
OD16173449384869,CANCELLED,2021-04-02T06:28:58.000Z
OD161734456479160,CANCELLED,2021-04-02T06:22:45.000Z
OD161734419567499,CANCELLED,2021-04-02T06:16:36.000Z
OD161734317117238,CANCELLED,2021-04-02T05:59:31.000Z
OD161734353197639,CANCELLED,2021-04-02T06:05:32.000Z
OD161734223775295,CANCELLED,2021-04-02T05:43:58.000Z
OD161734222141713,CANCELLED,2021-04-02T05:43:41.000Z
OD161734207234331,CANCELLED,2021-04-02T05:41:12.000Z
OD161734188630725,CANCELLED,2021-04-02T05:38:06.000Z
OD161734149407884,CANCELLED,2021-04-02T05:31:34.000Z
OD161734155981487,CANCELLED,2021-04-02T05:32:40.000Z
OD161734138786943,CANCELLED,2021-04-02T05:29:48.000Z
OD161734029174127,CANCELLED,2021-04-02T05:11:32.000Z
OD161734003564277,CANCELLED,2021-04-02T05:07:16.000Z
OD161733994828988,CANCELLED,2021-04-02T05:05:48.000Z
OD161733986339741,CANCELLED,2021-04-02T05:04:23.000Z
OD161733963731563,CANCELLED,2021-04-02T05:00:37.000Z
OD161733951900159,CANCELLED,2021-04-02T04:58:39.000Z
OD16173393535695,CANCELLED,2021-04-02T04:55:54.000Z
OD161733936572735,CANCELLED,2021-04-02T04:56:06.000Z
OD161733905294512,CANCELLED,2021-04-02T04:50:53.000Z
OD161733893834789,CANCELLED,2021-04-02T04:48:58.000Z
OD161733857798868,CANCELLED,2021-04-02T04:42:58.000Z
OD161733778604343,CANCELLED,2021-04-02T04:29:46.000Z
OD161733741858765,CANCELLED,2021-04-02T04:23:39.000Z
OD161733730073551,CANCELLED,2021-04-02T04:21:41.000Z
OD161733717676526,CANCELLED,2021-04-02T04:19:37.000Z
OD16173366487981,CANCELLED,2021-04-02T04:10:49.000Z
OD161733658287975,CANCELLED,2021-04-02T04:09:43.000Z
OD161733602833846,CANCELLED,2021-04-02T04:00:28.000Z
OD161733496216456,CANCELLED,2021-04-02T03:42:42.000Z
OD161733489912475,CANCELLED,2021-04-02T03:41:39.000Z
OD161733425663222,CANCELLED,2021-04-02T03:30:57.000Z
OD16173342292623,CANCELLED,2021-04-02T03:30:29.000Z
OD161733406809863,CANCELLED,2021-04-02T03:27:48.000Z
OD161733405431848,CANCELLED,2021-04-02T03:27:34.000Z
OD161733299576768,CANCELLED,2021-04-02T03:09:56.000Z
OD161733302715515,CANCELLED,2021-04-02T03:10:27.000Z
OD161733295227526,CANCELLED,2021-04-02T03:09:12.000Z
OD161733276958714,CANCELLED,2021-04-02T03:06:10.000Z
OD161733258607457,CANCELLED,2021-04-02T03:03:06.000Z
OD161733196945121,CANCELLED,2021-04-02T02:52:49.000Z
OD161733199973976,CANCELLED,2021-04-02T02:53:20.000Z
OD161733133721347,CANCELLED,2021-04-02T02:42:17.000Z
OD161733092313183,CANCELLED,2021-04-02T02:35:23.000Z
OD161733026359561,CANCELLED,2021-04-02T02:24:24.000Z
OD161733018550534,CANCELLED,2021-04-02T02:23:06.000Z
OD161732997684421,CANCELLED,2021-04-02T02:19:37.000Z
OD161732992123339,CANCELLED,2021-04-02T02:18:41.000Z
OD161732993518361,CANCELLED,2021-04-02T02:18:55.000Z
OD161732951157428,CANCELLED,2021-04-02T02:11:52.000Z
OD161732935756143,CANCELLED,2021-04-02T02:09:18.000Z
OD161732929459938,CANCELLED,2021-04-02T02:08:15.000Z
OD161732903852837,CANCELLED,2021-04-02T02:03:59.000Z
OD161732865642454,CANCELLED,2021-04-02T01:57:36.000Z
OD161732834442239,CANCELLED,2021-04-02T01:52:24.000Z
OD161732771647236,CANCELLED,2021-04-02T01:41:56.000Z
OD161732778079186,CANCELLED,2021-04-02T01:43:01.000Z
OD161732727972266,CANCELLED,2021-04-02T01:34:40.000Z
OD161732625438921,CANCELLED,2021-04-02T01:17:34.000Z
OD161732621525327,CANCELLED,2021-04-02T01:16:55.000Z
OD161732554899261,CANCELLED,2021-04-02T01:05:49.000Z
OD161732475577878,CANCELLED,2021-04-02T00:52:36.000Z
OD161732417993152,CANCELLED,2021-04-02T00:43:00.000Z
OD161732405834425,CANCELLED,2021-04-02T00:40:58.000Z
OD161732401821338,CANCELLED,2021-04-02T00:40:18.000Z
OD161732374643096,CANCELLED,2021-04-02T00:35:46.000Z
OD161732285672645,CANCELLED,2021-04-02T00:20:57.000Z
OD161732230746889,CANCELLED,2021-04-02T00:11:47.000Z
OD161732213228839,CANCELLED,2021-04-02T00:08:52.000Z
OD161749390692812,CANCELLED,2021-04-03T23:51:47.000Z
OD161749305687356,CANCELLED,2021-04-03T23:37:37.000Z
OD161749104986458,CANCELLED,2021-04-03T23:04:10.000Z
OD161747648856736,CANCELLED,2021-04-03T19:01:29.000Z
OD161747557411039,CANCELLED,2021-04-03T18:46:14.000Z
OD161747002176345,CANCELLED,2021-04-03T17:13:42.000Z
OD161746997103837,CANCELLED,2021-04-03T17:12:51.000Z
OD161746993446444,CANCELLED,2021-04-03T17:12:14.000Z
OD16174699037953,CANCELLED,2021-04-03T17:11:44.000Z
OD161747145107589,CANCELLED,2021-04-03T17:37:31.000Z
OD161746376905443,CANCELLED,2021-04-03T15:29:29.000Z
OD161746086454830,CANCELLED,2021-04-03T14:41:05.000Z
OD161746085493321,CANCELLED,2021-04-03T14:40:55.000Z
OD161745794912730,CANCELLED,2021-04-03T13:52:29.000Z
OD161745652393984,CANCELLED,2021-04-03T13:28:44.000Z
OD161745675982954,CANCELLED,2021-04-03T13:32:40.000Z
OD161745639349810,CANCELLED,2021-04-03T13:26:33.000Z
OD161745208545425,CANCELLED,2021-04-03T12:14:45.000Z
OD161745092926734,CANCELLED,2021-04-03T11:55:29.000Z
OD161744864346099,CANCELLED,2021-04-03T11:17:23.000Z
OD161744723423512,CANCELLED,2021-04-03T10:53:54.000Z
OD161744651085784,CANCELLED,2021-04-03T10:41:51.000Z
OD161744605812136,CANCELLED,2021-04-03T10:34:18.000Z
OD161744352376125,CANCELLED,2021-04-03T09:52:04.000Z
OD161744308664130,CANCELLED,2021-04-03T09:44:47.000Z
OD161744342834959,CANCELLED,2021-04-03T09:50:28.000Z
OD16174404068334,CANCELLED,2021-04-03T09:00:07.000Z
OD161743839776943,CANCELLED,2021-04-03T08:26:38.000Z
OD161743812022539,CANCELLED,2021-04-03T08:22:00.000Z
OD161743666485438,CANCELLED,2021-04-03T07:57:45.000Z
OD161743575598750,CANCELLED,2021-04-03T07:42:36.000Z
OD161743486861372,CANCELLED,2021-04-03T07:27:49.000Z
OD161743466520591,CANCELLED,2021-04-03T07:24:25.000Z
OD161743358082128,CANCELLED,2021-04-03T07:06:21.000Z
OD161743192752686,CANCELLED,2021-04-03T06:38:48.000Z
OD16174316095758,CANCELLED,2021-04-03T06:33:30.000Z
OD161743151049028,CANCELLED,2021-04-03T06:31:50.000Z
OD161743080626571,CANCELLED,2021-04-03T06:20:06.000Z
OD161743084923954,CANCELLED,2021-04-03T06:20:49.000Z
OD161743033246892,CANCELLED,2021-04-03T06:12:12.000Z
OD161743019097865,CANCELLED,2021-04-03T06:09:51.000Z
OD161743030458773,CANCELLED,2021-04-03T06:11:45.000Z
OD161743058548499,CANCELLED,2021-04-03T06:16:25.000Z
OD161743004086543,CANCELLED,2021-04-03T06:07:21.000Z
OD16174304318491,CANCELLED,2021-04-03T06:13:52.000Z
OD161743000326981,CANCELLED,2021-04-03T06:06:43.000Z
OD161743011814456,CANCELLED,2021-04-03T06:08:38.000Z
OD161742996842395,CANCELLED,2021-04-03T06:06:08.000Z
OD161742862383723,CANCELLED,2021-04-03T05:43:44.000Z
OD161742799113991,CANCELLED,2021-04-03T05:33:11.000Z
OD161742818988538,CANCELLED,2021-04-03T05:36:30.000Z
OD161742747802488,CANCELLED,2021-04-03T05:24:38.000Z
OD161742722322945,CANCELLED,2021-04-03T05:20:23.000Z
OD161742667645494,CANCELLED,2021-04-03T05:11:16.000Z
OD161742515995183,CANCELLED,2021-04-03T04:46:00.000Z
OD161742478193738,CANCELLED,2021-04-03T04:39:42.000Z
OD161742476479578,CANCELLED,2021-04-03T04:39:25.000Z
OD161742445452254,CANCELLED,2021-04-03T04:34:15.000Z
OD161742381194214,CANCELLED,2021-04-03T04:23:32.000Z
OD161742315673142,CANCELLED,2021-04-03T04:12:37.000Z
OD161742062137120,CANCELLED,2021-04-03T03:30:21.000Z
OD161742024592571,CANCELLED,2021-04-03T03:24:06.000Z
OD16174184484761,CANCELLED,2021-04-03T02:54:08.000Z
OD161741812647181,CANCELLED,2021-04-03T02:48:46.000Z
OD161741810205897,CANCELLED,2021-04-03T02:48:22.000Z
OD161741823535169,CANCELLED,2021-04-03T02:50:35.000Z
OD161741703078995,CANCELLED,2021-04-03T02:30:31.000Z
OD161741681764617,CANCELLED,2021-04-03T02:26:58.000Z
OD16174159237927,CANCELLED,2021-04-03T02:12:04.000Z
OD161741408592367,CANCELLED,2021-04-03T01:41:26.000Z
OD161741332943763,CANCELLED,2021-04-03T01:28:49.000Z
OD161741133672860,CANCELLED,2021-04-03T00:55:37.000Z
OD161740831688278,CANCELLED,2021-04-03T00:05:17.000Z
OD161758041585537,CANCELLED,2021-04-04T23:53:36.000Z
OD161757760494748,CANCELLED,2021-04-04T23:06:44.000Z
OD161757842336320,CANCELLED,2021-04-04T23:20:23.000Z
OD161757632487678,CANCELLED,2021-04-04T22:45:25.000Z
OD161755509195464,CANCELLED,2021-04-04T16:51:32.000Z
OD16175553484255,CANCELLED,2021-04-04T16:55:48.000Z
OD161755282134721,CANCELLED,2021-04-04T16:13:41.000Z
OD161755226372871,CANCELLED,2021-04-04T16:04:24.000Z
OD16175467740802,CANCELLED,2021-04-04T14:32:54.000Z
OD161754576916288,CANCELLED,2021-04-04T14:16:09.000Z
OD161753912728730,CANCELLED,2021-04-04T12:25:27.000Z
OD161753819463983,CANCELLED,2021-04-04T12:09:54.000Z
OD161753762912633,CANCELLED,2021-04-04T12:00:29.000Z
OD16175325421427,CANCELLED,2021-04-04T10:35:42.000Z
OD161752851726081,CANCELLED,2021-04-04T09:28:37.000Z
OD161752826047612,CANCELLED,2021-04-04T09:24:20.000Z
OD161752744428362,CANCELLED,2021-04-04T09:10:44.000Z
OD161752615882667,CANCELLED,2021-04-04T08:49:19.000Z
OD161752506993121,CANCELLED,2021-04-04T08:31:10.000Z
OD161752365821376,CANCELLED,2021-04-04T08:07:38.000Z
OD161752145797879,CANCELLED,2021-04-04T07:30:58.000Z
OD161751931845580,CANCELLED,2021-04-04T06:55:18.000Z
OD16175180319197,CANCELLED,2021-04-04T06:33:52.000Z
OD161751572749788,CANCELLED,2021-04-04T05:55:27.000Z
OD161751316950111,CANCELLED,2021-04-04T05:12:50.000Z
OD161751087717583,CANCELLED,2021-04-04T04:34:37.000Z
OD161751046530258,CANCELLED,2021-04-04T04:27:45.000Z
OD161750967218643,CANCELLED,2021-04-04T04:14:32.000Z
OD161750924351869,CANCELLED,2021-04-04T04:07:24.000Z
OD161750838208966,CANCELLED,2021-04-04T03:53:02.000Z
OD161750524998699,CANCELLED,2021-04-04T03:00:50.000Z
OD16175061466990,CANCELLED,2021-04-04T03:15:47.000Z
OD161750511054588,CANCELLED,2021-04-04T02:58:31.000Z
OD161750506684123,CANCELLED,2021-04-04T02:57:47.000Z
OD161750496737797,CANCELLED,2021-04-04T02:56:07.000Z
OD161750437323284,CANCELLED,2021-04-04T02:46:13.000Z
OD161750363469169,CANCELLED,2021-04-04T02:33:55.000Z
OD161750234338292,CANCELLED,2021-04-04T02:12:23.000Z
OD161750204447049,CANCELLED,2021-04-04T02:07:24.000Z
OD161749978857727,CANCELLED,2021-04-04T01:29:49.000Z
OD161750115753545,CANCELLED,2021-04-04T01:52:38.000Z
OD161749890695620,CANCELLED,2021-04-04T01:15:07.000Z
OD161749910536858,CANCELLED,2021-04-04T01:18:25.000Z
OD161749880674753,CANCELLED,2021-04-04T01:13:27.000Z
OD16174946375206,CANCELLED,2021-04-04T00:03:58.000Z
OD161749685337429,CANCELLED,2021-04-04T00:40:53.000Z
OD161749441685823,CANCELLED,2021-04-04T00:00:17.000Z
OD161766692905086,CANCELLED,2021-04-05T23:55:29.000Z
OD161766129212235,CANCELLED,2021-04-05T22:21:32.000Z
OD161765270677296,CANCELLED,2021-04-05T19:58:27.000Z
OD161765928444125,CANCELLED,2021-04-05T21:48:04.000Z
OD16176513967320,CANCELLED,2021-04-05T19:36:36.000Z
OD161764013683117,CANCELLED,2021-04-05T16:28:57.000Z
OD161763653634652,CANCELLED,2021-04-05T15:28:56.000Z
OD161763593749885,CANCELLED,2021-04-05T15:18:57.000Z
OD161763565250628,CANCELLED,2021-04-05T15:14:13.000Z
OD161763582597452,CANCELLED,2021-04-05T15:17:06.000Z
OD161763417243381,CANCELLED,2021-04-05T14:49:32.000Z
OD16176324457464,CANCELLED,2021-04-05T14:20:46.000Z
OD161763192201581,CANCELLED,2021-04-05T14:12:02.000Z
OD161763121768843,CANCELLED,2021-04-05T14:00:18.000Z
OD161763091502268,CANCELLED,2021-04-05T13:55:15.000Z
OD16176292061149,CANCELLED,2021-04-05T13:26:46.000Z
OD161762779331571,CANCELLED,2021-04-05T13:03:13.000Z
OD161762759813551,CANCELLED,2021-04-05T12:59:58.000Z
OD161762691142133,CANCELLED,2021-04-05T12:48:31.000Z
OD161762642938481,CANCELLED,2021-04-05T12:40:29.000Z
OD161762648958018,CANCELLED,2021-04-05T12:41:30.000Z
OD161762601838789,CANCELLED,2021-04-05T12:33:38.000Z
OD161762397185894,CANCELLED,2021-04-05T11:59:32.000Z
OD16176233966695,CANCELLED,2021-04-05T11:49:57.000Z
OD161762334531355,CANCELLED,2021-04-05T11:49:05.000Z
OD161762285843112,CANCELLED,2021-04-05T11:40:58.000Z
OD161762263604590,CANCELLED,2021-04-05T11:37:16.000Z
OD161762164905218,CANCELLED,2021-04-05T11:20:49.000Z
OD16176201374676,CANCELLED,2021-04-05T10:55:37.000Z
OD161761933562377,CANCELLED,2021-04-05T10:42:16.000Z
OD161761929499237,CANCELLED,2021-04-05T10:41:35.000Z
OD16176187471110,CANCELLED,2021-04-05T10:32:27.000Z
OD16176192198356,CANCELLED,2021-04-05T10:40:20.000Z
OD161761676159191,CANCELLED,2021-04-05T09:59:22.000Z
OD161761676247782,CANCELLED,2021-04-05T09:59:22.000Z
OD161761705368151,CANCELLED,2021-04-05T10:04:14.000Z
OD161761687292791,CANCELLED,2021-04-05T10:01:13.000Z
OD161761605840767,CANCELLED,2021-04-05T09:47:38.000Z
OD161761461570830,CANCELLED,2021-04-05T09:23:36.000Z
OD161761366675322,CANCELLED,2021-04-05T09:07:47.000Z
OD161761364087915,CANCELLED,2021-04-05T09:07:21.000Z
OD161761360005535,CANCELLED,2021-04-05T09:06:40.000Z
OD161761296266989,CANCELLED,2021-04-05T08:56:03.000Z
OD161761240384240,CANCELLED,2021-04-05T08:46:44.000Z
OD161761260582188,CANCELLED,2021-04-05T08:50:06.000Z
OD161761207535292,CANCELLED,2021-04-05T08:41:15.000Z
OD161761130153358,CANCELLED,2021-04-05T08:28:22.000Z
OD161761075314127,CANCELLED,2021-04-05T08:19:13.000Z
OD161761063788284,CANCELLED,2021-04-05T08:17:18.000Z
OD161761169586523,CANCELLED,2021-04-05T08:34:56.000Z
OD161761021153742,CANCELLED,2021-04-05T08:10:12.000Z
OD161761008135059,CANCELLED,2021-04-05T08:08:01.000Z
OD161761010436318,CANCELLED,2021-04-05T08:08:24.000Z
OD161761000386329,CANCELLED,2021-04-05T08:06:44.000Z
OD161760995422955,CANCELLED,2021-04-05T08:05:54.000Z
OD161760989296963,CANCELLED,2021-04-05T08:04:53.000Z
OD161760980847944,CANCELLED,2021-04-05T08:03:28.000Z
OD161760964807392,CANCELLED,2021-04-05T08:00:48.000Z
OD161760925135667,CANCELLED,2021-04-05T07:54:11.000Z
OD161760933764074,CANCELLED,2021-04-05T07:55:38.000Z
OD16176087393734,CANCELLED,2021-04-05T07:45:39.000Z
OD161760854952847,CANCELLED,2021-04-05T07:42:30.000Z
OD16176080011973,CANCELLED,2021-04-05T07:33:21.000Z
OD161760795601427,CANCELLED,2021-04-05T07:32:36.000Z
OD16176077854485,CANCELLED,2021-04-05T07:29:45.000Z
OD161760761185168,CANCELLED,2021-04-05T07:26:52.000Z
OD161760741013223,CANCELLED,2021-04-05T07:23:30.000Z
OD161760732006252,CANCELLED,2021-04-05T07:22:00.000Z
OD161760701214284,CANCELLED,2021-04-05T07:16:52.000Z
OD161760644134036,CANCELLED,2021-04-05T07:07:21.000Z
OD161760641229368,CANCELLED,2021-04-05T07:06:52.000Z
OD16176064990151,CANCELLED,2021-04-05T07:08:19.000Z
OD161760511551610,CANCELLED,2021-04-05T06:45:16.000Z
OD161760478425153,CANCELLED,2021-04-05T06:39:44.000Z
OD161760419572237,CANCELLED,2021-04-05T06:29:56.000Z
OD161760390849186,CANCELLED,2021-04-05T06:25:08.000Z
OD161760373634222,CANCELLED,2021-04-05T06:22:16.000Z
OD161760355688072,CANCELLED,2021-04-05T06:19:17.000Z
OD161760221571839,CANCELLED,2021-04-05T05:56:56.000Z
OD161760200405452,CANCELLED,2021-04-05T05:53:24.000Z
OD161760131674411,CANCELLED,2021-04-05T05:41:57.000Z
OD161760056931838,CANCELLED,2021-04-05T05:29:29.000Z
OD161760023018272,CANCELLED,2021-04-05T05:23:50.000Z
OD16176003095660,CANCELLED,2021-04-05T05:25:10.000Z
OD161760005783445,CANCELLED,2021-04-05T05:20:58.000Z
OD161760000614054,CANCELLED,2021-04-05T05:20:06.000Z
OD161759985430978,CANCELLED,2021-04-05T05:17:34.000Z
OD161759964171116,CANCELLED,2021-04-05T05:14:02.000Z
OD161759951803913,CANCELLED,2021-04-05T05:11:58.000Z
OD161759931715475,CANCELLED,2021-04-05T05:08:37.000Z
OD161759927903190,CANCELLED,2021-04-05T05:07:59.000Z
OD161759913071773,CANCELLED,2021-04-05T05:05:31.000Z
OD161759911600021,CANCELLED,2021-04-05T05:05:16.000Z
OD161759906882047,CANCELLED,2021-04-05T05:04:29.000Z
OD161759909472171,CANCELLED,2021-04-05T05:04:55.000Z
OD161759903772673,CANCELLED,2021-04-05T05:03:58.000Z
OD161759833478391,CANCELLED,2021-04-05T04:52:15.000Z
OD161759832618126,CANCELLED,2021-04-05T04:52:06.000Z
OD161759825467661,CANCELLED,2021-04-05T04:50:55.000Z
OD161759808805481,CANCELLED,2021-04-05T04:48:08.000Z
OD161759774698353,CANCELLED,2021-04-05T04:42:27.000Z
OD161759744795044,CANCELLED,2021-04-05T04:37:28.000Z
OD161759721342823,CANCELLED,2021-04-05T04:33:33.000Z
OD161759716905246,CANCELLED,2021-04-05T04:32:49.000Z
OD161759711700190,CANCELLED,2021-04-05T04:31:57.000Z
OD161759689542067,CANCELLED,2021-04-05T04:28:15.000Z
OD161759683457710,CANCELLED,2021-04-05T04:27:15.000Z
OD161759638307663,CANCELLED,2021-04-05T04:19:43.000Z
OD161759597719245,CANCELLED,2021-04-05T04:12:57.000Z
OD161759585039679,CANCELLED,2021-04-05T04:10:50.000Z
OD161759559367037,CANCELLED,2021-04-05T04:06:34.000Z
OD161759556044387,CANCELLED,2021-04-05T04:06:00.000Z
OD16175948769779,CANCELLED,2021-04-05T03:54:37.000Z
OD161759439113827,CANCELLED,2021-04-05T03:46:31.000Z
OD161759375839234,CANCELLED,2021-04-05T03:35:58.000Z
OD161759368470157,CANCELLED,2021-04-05T03:34:45.000Z
OD161759377476314,CANCELLED,2021-04-05T03:36:15.000Z
OD161759372941595,CANCELLED,2021-04-05T03:35:29.000Z
OD161759327317091,CANCELLED,2021-04-05T03:27:53.000Z
OD161759315849677,CANCELLED,2021-04-05T03:25:58.000Z
OD161759313386756,CANCELLED,2021-04-05T03:25:34.000Z
OD161759306063874,CANCELLED,2021-04-05T03:24:21.000Z
OD161759275111933,CANCELLED,2021-04-05T03:19:11.000Z
OD161759250522735,CANCELLED,2021-04-05T03:15:05.000Z
OD161759231603699,CANCELLED,2021-04-05T03:11:56.000Z
OD161759195194134,CANCELLED,2021-04-05T03:05:52.000Z
OD161759154647193,CANCELLED,2021-04-05T02:59:06.000Z
OD161759129202860,CANCELLED,2021-04-05T02:54:52.000Z
OD161759114564612,CANCELLED,2021-04-05T02:52:26.000Z
OD161759114189723,CANCELLED,2021-04-05T02:52:22.000Z
OD161759092387161,CANCELLED,2021-04-05T02:48:44.000Z
OD161759083546370,CANCELLED,2021-04-05T02:47:15.000Z
OD161759035064421,CANCELLED,2021-04-05T02:39:11.000Z
OD161759021806222,CANCELLED,2021-04-05T02:36:58.000Z
OD161758957704176,CANCELLED,2021-04-05T02:26:17.000Z
OD161758914887555,CANCELLED,2021-04-05T02:19:09.000Z
OD161758896335525,CANCELLED,2021-04-05T02:16:03.000Z
OD161758889537036,CANCELLED,2021-04-05T02:14:55.000Z
OD161758868250995,CANCELLED,2021-04-05T02:11:23.000Z
OD161758859117242,CANCELLED,2021-04-05T02:09:51.000Z
OD16175884421228,CANCELLED,2021-04-05T02:07:22.000Z
OD161758834798659,CANCELLED,2021-04-05T02:05:48.000Z
OD161758784040029,CANCELLED,2021-04-05T01:57:20.000Z
OD161758777214180,CANCELLED,2021-04-05T01:56:12.000Z
OD161758669443987,CANCELLED,2021-04-05T01:38:14.000Z
OD161758637068085,CANCELLED,2021-04-05T01:32:51.000Z
OD161758609922246,CANCELLED,2021-04-05T01:28:19.000Z
OD161758589612773,CANCELLED,2021-04-05T01:24:56.000Z
OD161758594303638,CANCELLED,2021-04-05T01:25:43.000Z
OD161758581229053,CANCELLED,2021-04-05T01:23:32.000Z
OD161758513615186,CANCELLED,2021-04-05T01:12:16.000Z
OD161758502445097,CANCELLED,2021-04-05T01:10:24.000Z
OD161758466912787,CANCELLED,2021-04-05T01:04:29.000Z
OD161758436498059,CANCELLED,2021-04-05T00:59:25.000Z
OD161758287961051,CANCELLED,2021-04-05T00:34:40.000Z
OD161758283507179,CANCELLED,2021-04-05T00:33:55.000Z
OD161758240603221,CANCELLED,2021-04-05T00:26:46.000Z
OD161758203057612,CANCELLED,2021-04-05T00:20:31.000Z
OD161758129474430,CANCELLED,2021-04-05T00:08:15.000Z
OD16175811576192,CANCELLED,2021-04-05T00:05:58.000Z
OD161758102507760,CANCELLED,2021-04-05T00:03:45.000Z
OD161775236984364,CANCELLED,2021-04-06T23:39:30.000Z
OD161775113216877,CANCELLED,2021-04-06T23:18:52.000Z
OD161775021303583,CANCELLED,2021-04-06T23:03:33.000Z
OD161775090863584,CANCELLED,2021-04-06T23:15:09.000Z
OD161774974965623,CANCELLED,2021-04-06T22:55:50.000Z
OD161774970844586,CANCELLED,2021-04-06T22:55:08.000Z
OD161774750252318,CANCELLED,2021-04-06T22:18:23.000Z
OD161774742103025,CANCELLED,2021-04-06T22:17:01.000Z
OD161772637989268,CANCELLED,2021-04-06T16:26:20.000Z
OD161772627917114,CANCELLED,2021-04-06T16:24:39.000Z
OD161772363708070,CANCELLED,2021-04-06T15:40:37.000Z
OD161771735325422,CANCELLED,2021-04-06T13:55:53.000Z
OD161771475544992,CANCELLED,2021-04-06T13:12:35.000Z
OD161771425864414,CANCELLED,2021-04-06T13:04:19.000Z
OD161771364479492,CANCELLED,2021-04-06T12:54:05.000Z
OD161771144949735,CANCELLED,2021-04-06T12:17:29.000Z
OD161771169273468,CANCELLED,2021-04-06T12:21:33.000Z
OD161771193290034,CANCELLED,2021-04-06T12:25:33.000Z
OD161771068796314,CANCELLED,2021-04-06T12:04:48.000Z
OD16177104200288,CANCELLED,2021-04-06T12:00:20.000Z
OD161770971163593,CANCELLED,2021-04-06T11:48:32.000Z
OD161770896701021,CANCELLED,2021-04-06T11:36:07.000Z
OD161770898687464,CANCELLED,2021-04-06T11:36:27.000Z
OD161770889143791,CANCELLED,2021-04-06T11:34:51.000Z
OD161770869330151,CANCELLED,2021-04-06T11:31:33.000Z
OD161770770177829,CANCELLED,2021-04-06T11:15:02.000Z
OD16177077159385,CANCELLED,2021-04-06T11:15:16.000Z
OD161770663536671,CANCELLED,2021-04-06T10:57:15.000Z
OD161770603257817,CANCELLED,2021-04-06T10:47:13.000Z
OD161770571548488,CANCELLED,2021-04-06T10:41:55.000Z
OD161770424516068,CANCELLED,2021-04-06T10:17:25.000Z
OD161770398891916,CANCELLED,2021-04-06T10:13:09.000Z
OD161770333303040,CANCELLED,2021-04-06T10:02:13.000Z
OD161770229627317,CANCELLED,2021-04-06T09:44:56.000Z
OD161770237021027,CANCELLED,2021-04-06T09:46:10.000Z
OD161770173311485,CANCELLED,2021-04-06T09:35:33.000Z
OD16177017408929,CANCELLED,2021-04-06T09:35:41.000Z
OD16177016363097,CANCELLED,2021-04-06T09:33:56.000Z
OD161770172033923,CANCELLED,2021-04-06T09:35:20.000Z
OD161770170094452,CANCELLED,2021-04-06T09:35:01.000Z
OD161770143138342,CANCELLED,2021-04-06T09:30:31.000Z
OD161770120339734,CANCELLED,2021-04-06T09:26:43.000Z
OD161770088245959,CANCELLED,2021-04-06T09:21:22.000Z
OD161770098929678,CANCELLED,2021-04-06T09:23:09.000Z
OD161770071843697,CANCELLED,2021-04-06T09:18:38.000Z
OD161770069476974,CANCELLED,2021-04-06T09:18:15.000Z
OD161770063316365,CANCELLED,2021-04-06T09:17:13.000Z
OD161769850558197,CANCELLED,2021-04-06T08:41:46.000Z
OD161769651413529,CANCELLED,2021-04-06T08:08:34.000Z
OD161769660928059,CANCELLED,2021-04-06T08:10:09.000Z
OD161769655110542,CANCELLED,2021-04-06T08:09:11.000Z
OD161769680623432,CANCELLED,2021-04-06T08:13:26.000Z
OD161769640787726,CANCELLED,2021-04-06T08:06:48.000Z
OD161769643258360,CANCELLED,2021-04-06T08:07:13.000Z
OD161769651148228,CANCELLED,2021-04-06T08:08:31.000Z
OD161769628919038,CANCELLED,2021-04-06T08:04:49.000Z
OD161769533549330,CANCELLED,2021-04-06T07:48:55.000Z
OD161769524035956,CANCELLED,2021-04-06T07:47:20.000Z
OD161769512791815,CANCELLED,2021-04-06T07:45:28.000Z
OD161769517984514,CANCELLED,2021-04-06T07:46:20.000Z
OD161769507104319,CANCELLED,2021-04-06T07:44:31.000Z
OD161769437758173,CANCELLED,2021-04-06T07:32:58.000Z
OD161769423348688,CANCELLED,2021-04-06T07:30:33.000Z
OD161769433595312,CANCELLED,2021-04-06T07:32:16.000Z
OD161769378142826,CANCELLED,2021-04-06T07:23:01.000Z
OD161769351914775,CANCELLED,2021-04-06T07:18:39.000Z
OD161769325756149,CANCELLED,2021-04-06T07:14:18.000Z
OD161769252712325,CANCELLED,2021-04-06T07:02:07.000Z
OD161769226160966,CANCELLED,2021-04-06T06:57:42.000Z
OD161769226414230,CANCELLED,2021-04-06T06:57:44.000Z
OD161769201646190,CANCELLED,2021-04-06T06:53:36.000Z
OD161769190236818,CANCELLED,2021-04-06T06:51:42.000Z
OD161769168435870,CANCELLED,2021-04-06T06:48:04.000Z
OD161769104728321,CANCELLED,2021-04-06T06:37:27.000Z
OD161769109320993,CANCELLED,2021-04-06T06:38:13.000Z
OD161769093467613,CANCELLED,2021-04-06T06:35:35.000Z
OD161769031464223,CANCELLED,2021-04-06T06:25:15.000Z
OD16176888887388,CANCELLED,2021-04-06T06:01:29.000Z
OD161768895514193,CANCELLED,2021-04-06T06:02:35.000Z
OD161768875934526,CANCELLED,2021-04-06T05:59:19.000Z
OD161768837746463,CANCELLED,2021-04-06T05:52:57.000Z
OD161768786890395,CANCELLED,2021-04-06T05:44:29.000Z
OD161768742351316,CANCELLED,2021-04-06T05:37:04.000Z
OD161768734206555,CANCELLED,2021-04-06T05:35:42.000Z
OD161768696748232,CANCELLED,2021-04-06T05:29:27.000Z
OD161768681688262,CANCELLED,2021-04-06T05:26:57.000Z
OD161768621607897,CANCELLED,2021-04-06T05:16:56.000Z
OD16176861065991,CANCELLED,2021-04-06T05:15:07.000Z
OD161768590978834,CANCELLED,2021-04-06T05:11:50.000Z
OD161768575868729,CANCELLED,2021-04-06T05:09:19.000Z
OD16176856408008,CANCELLED,2021-04-06T05:07:21.000Z
OD161768560424251,CANCELLED,2021-04-06T05:06:44.000Z
OD161768557721047,CANCELLED,2021-04-06T05:06:17.000Z
OD161768554808397,CANCELLED,2021-04-06T05:05:48.000Z
OD161768545825718,CANCELLED,2021-04-06T05:04:18.000Z
OD161768549794781,CANCELLED,2021-04-06T05:04:58.000Z
OD161768543365147,CANCELLED,2021-04-06T05:03:54.000Z
OD161768536749286,CANCELLED,2021-04-06T05:02:47.000Z
OD161768531130672,CANCELLED,2021-04-06T05:01:51.000Z
OD161768474104060,CANCELLED,2021-04-06T04:52:21.000Z
OD16176847448759,CANCELLED,2021-04-06T04:52:24.000Z
OD161768468149838,CANCELLED,2021-04-06T04:51:21.000Z
OD161768462352535,CANCELLED,2021-04-06T04:50:24.000Z
OD161768384921783,CANCELLED,2021-04-06T04:37:29.000Z
OD161768342566689,CANCELLED,2021-04-06T04:30:26.000Z
OD161768349756498,CANCELLED,2021-04-06T04:31:38.000Z
OD161768340292583,CANCELLED,2021-04-06T04:30:03.000Z
OD161768337875290,CANCELLED,2021-04-06T04:29:39.000Z
OD161768313722993,CANCELLED,2021-04-06T04:25:37.000Z
OD161768271258272,CANCELLED,2021-04-06T04:18:33.000Z
OD16176827541310,CANCELLED,2021-04-06T04:19:14.000Z
OD161768215405827,CANCELLED,2021-04-06T04:09:14.000Z
OD161768181733285,CANCELLED,2021-04-06T04:03:37.000Z
OD161768145257285,CANCELLED,2021-04-06T03:57:33.000Z
OD161768131737075,CANCELLED,2021-04-06T03:55:17.000Z
OD161768125056395,CANCELLED,2021-04-06T03:54:11.000Z
OD161768086324314,CANCELLED,2021-04-06T03:47:43.000Z
OD161768091246763,CANCELLED,2021-04-06T03:48:32.000Z
OD161768089456523,CANCELLED,2021-04-06T03:48:15.000Z
OD161768000413486,CANCELLED,2021-04-06T03:33:24.000Z
OD161767995657387,CANCELLED,2021-04-06T03:32:37.000Z
OD16176799411595,CANCELLED,2021-04-06T03:32:21.000Z
OD161767977531187,CANCELLED,2021-04-06T03:29:35.000Z
OD161767976051450,CANCELLED,2021-04-06T03:29:21.000Z
OD161767976093452,CANCELLED,2021-04-06T03:29:21.000Z
OD161767958777942,CANCELLED,2021-04-06T03:26:28.000Z
OD161767925218440,CANCELLED,2021-04-06T03:20:52.000Z
OD16176792001933,CANCELLED,2021-04-06T03:20:00.000Z
OD161767879069516,CANCELLED,2021-04-06T03:13:11.000Z
OD161767877069216,CANCELLED,2021-04-06T03:12:51.000Z
OD161767844854923,CANCELLED,2021-04-06T03:07:29.000Z
OD161767834528327,CANCELLED,2021-04-06T03:05:45.000Z
OD161767828108697,CANCELLED,2021-04-06T03:04:41.000Z
OD161767789641998,CANCELLED,2021-04-06T02:58:16.000Z
OD161767796307824,CANCELLED,2021-04-06T02:59:23.000Z
OD161767779025937,CANCELLED,2021-04-06T02:56:30.000Z
OD161767755918753,CANCELLED,2021-04-06T02:52:39.000Z
OD161767763621276,CANCELLED,2021-04-06T02:53:56.000Z
OD161767752262027,CANCELLED,2021-04-06T02:52:03.000Z
OD161767711366820,CANCELLED,2021-04-06T02:45:14.000Z
OD161767687409922,CANCELLED,2021-04-06T02:41:14.000Z
OD161767640814846,CANCELLED,2021-04-06T02:33:28.000Z
OD16176763775048,CANCELLED,2021-04-06T02:32:58.000Z
OD161767628652297,CANCELLED,2021-04-06T02:31:27.000Z
OD16176759733351,CANCELLED,2021-04-06T02:26:13.000Z
OD161767585996895,CANCELLED,2021-04-06T02:24:20.000Z
OD161767538066262,CANCELLED,2021-04-06T02:16:21.000Z
OD161767526938913,CANCELLED,2021-04-06T02:14:29.000Z
OD161767523761323,CANCELLED,2021-04-06T02:13:58.000Z
OD161767487941266,CANCELLED,2021-04-06T02:07:59.000Z
OD161767472428882,CANCELLED,2021-04-06T02:05:24.000Z
OD161767404420829,CANCELLED,2021-04-06T01:54:04.000Z
OD161767384093143,CANCELLED,2021-04-06T01:50:41.000Z
OD161767362775560,CANCELLED,2021-04-06T01:47:08.000Z
OD16176735548528,CANCELLED,2021-04-06T01:45:55.000Z
OD161767349338442,CANCELLED,2021-04-06T01:44:53.000Z
OD161767335798232,CANCELLED,2021-04-06T01:42:38.000Z
OD161767333892521,CANCELLED,2021-04-06T01:42:19.000Z
OD161767303020574,CANCELLED,2021-04-06T01:37:10.000Z
OD161767232687441,CANCELLED,2021-04-06T01:25:27.000Z
OD161767201813383,CANCELLED,2021-04-06T01:20:18.000Z
OD161767029769143,CANCELLED,2021-04-06T00:51:38.000Z
OD161766997408166,CANCELLED,2021-04-06T00:46:14.000Z
OD161766982042913,CANCELLED,2021-04-06T00:43:40.000Z
OD161766928999996,CANCELLED,2021-04-06T00:34:50.000Z
OD161766891600623,CANCELLED,2021-04-06T00:28:36.000Z
OD16176688931841,CANCELLED,2021-04-06T00:28:13.000Z
OD161766863240022,CANCELLED,2021-04-06T00:23:52.000Z
OD161783851114461,CANCELLED,2021-04-07T23:35:11.000Z
OD161783898398922,CANCELLED,2021-04-07T23:43:04.000Z
OD161783816535597,CANCELLED,2021-04-07T23:29:25.000Z
OD161783656745135,CANCELLED,2021-04-07T23:02:47.000Z
OD161783601628582,CANCELLED,2021-04-07T22:53:36.000Z
OD161783535718081,CANCELLED,2021-04-07T22:42:37.000Z
OD161783583428316,CANCELLED,2021-04-07T22:50:34.000Z
OD161783030516269,CANCELLED,2021-04-07T21:18:25.000Z
OD161782710669630,CANCELLED,2021-04-07T20:25:07.000Z
OD161781218035454,CANCELLED,2021-04-07T16:16:20.000Z
OD161781143331062,CANCELLED,2021-04-07T16:03:53.000Z
OD16178091008882,CANCELLED,2021-04-07T15:25:01.000Z
OD161780949170625,CANCELLED,2021-04-07T15:31:32.000Z
OD161780866289013,CANCELLED,2021-04-07T15:17:43.000Z
OD161780767575649,CANCELLED,2021-04-07T15:01:15.000Z
OD161780775154182,CANCELLED,2021-04-07T15:02:32.000Z
OD161780628085318,CANCELLED,2021-04-07T14:38:01.000Z
OD161780625105572,CANCELLED,2021-04-07T14:37:31.000Z
OD161780546172246,CANCELLED,2021-04-07T14:24:22.000Z
OD161780526264749,CANCELLED,2021-04-07T14:21:03.000Z
OD161780506904861,CANCELLED,2021-04-07T14:17:49.000Z
OD161780511859616,CANCELLED,2021-04-07T14:18:39.000Z
OD161780503774710,CANCELLED,2021-04-07T14:17:18.000Z
OD161780466076093,CANCELLED,2021-04-07T14:11:01.000Z
OD161780448547738,CANCELLED,2021-04-07T14:08:05.000Z
OD16178040860588,CANCELLED,2021-04-07T14:01:26.000Z
OD161780407926460,CANCELLED,2021-04-07T14:01:19.000Z
OD161780380270190,CANCELLED,2021-04-07T13:56:43.000Z
OD161780375394679,CANCELLED,2021-04-07T13:55:54.000Z
OD161780369432953,CANCELLED,2021-04-07T13:54:54.000Z
OD161780366483047,CANCELLED,2021-04-07T13:54:25.000Z
OD161780351339164,CANCELLED,2021-04-07T13:51:53.000Z
OD161780304008010,CANCELLED,2021-04-07T13:44:00.000Z
OD161780301870938,CANCELLED,2021-04-07T13:43:39.000Z
OD161780280236139,CANCELLED,2021-04-07T13:40:02.000Z
OD161780243725592,CANCELLED,2021-04-07T13:33:57.000Z
OD161780229752024,CANCELLED,2021-04-07T13:31:38.000Z
OD161780225979940,CANCELLED,2021-04-07T13:31:00.000Z
OD161780198688414,CANCELLED,2021-04-07T13:26:27.000Z
OD161780194488819,CANCELLED,2021-04-07T13:25:45.000Z
OD161780188914526,CANCELLED,2021-04-07T13:24:49.000Z
OD161780191701722,CANCELLED,2021-04-07T13:25:17.000Z
OD16178018699387,CANCELLED,2021-04-07T13:24:30.000Z
OD161780185478470,CANCELLED,2021-04-07T13:24:15.000Z
OD161780182960585,CANCELLED,2021-04-07T13:23:50.000Z
OD161780180022487,CANCELLED,2021-04-07T13:23:20.000Z
OD161780176642161,CANCELLED,2021-04-07T13:22:46.000Z
OD161780180295974,CANCELLED,2021-04-07T13:23:23.000Z
OD161780176961957,CANCELLED,2021-04-07T13:22:50.000Z
OD161780165349749,CANCELLED,2021-04-07T13:20:53.000Z
OD161780144501523,CANCELLED,2021-04-07T13:17:25.000Z
OD161780031498968,CANCELLED,2021-04-07T12:58:35.000Z
OD16178003562159,CANCELLED,2021-04-07T12:59:16.000Z
OD161780047496593,CANCELLED,2021-04-07T13:01:15.000Z
OD161780037055867,CANCELLED,2021-04-07T12:59:31.000Z
OD161780031128979,CANCELLED,2021-04-07T12:58:31.000Z
OD161779970334732,CANCELLED,2021-04-07T12:48:23.000Z
OD161779923905645,CANCELLED,2021-04-07T12:40:39.000Z
OD161779802580172,CANCELLED,2021-04-07T12:20:26.000Z
OD161779769268119,CANCELLED,2021-04-07T12:14:53.000Z
OD161779712243444,CANCELLED,2021-04-07T12:05:22.000Z
OD161779643243587,CANCELLED,2021-04-07T11:53:52.000Z
OD161779630354685,CANCELLED,2021-04-07T11:51:44.000Z
OD16177950285735,CANCELLED,2021-04-07T11:30:28.000Z
OD16177946212104,CANCELLED,2021-04-07T11:23:41.000Z
OD161779429696267,CANCELLED,2021-04-07T11:18:17.000Z
OD161779337128132,CANCELLED,2021-04-07T11:02:51.000Z
OD161779296119333,CANCELLED,2021-04-07T10:56:01.000Z
OD161779222282926,CANCELLED,2021-04-07T10:43:43.000Z
OD161779209693027,CANCELLED,2021-04-07T10:41:37.000Z
OD161778989323368,CANCELLED,2021-04-07T10:04:53.000Z
OD161779007375334,CANCELLED,2021-04-07T10:07:54.000Z
OD16177894409988,CANCELLED,2021-04-07T09:57:21.000Z
OD16177892536337,CANCELLED,2021-04-07T09:54:14.000Z
OD161778850606711,CANCELLED,2021-04-07T09:41:46.000Z
OD161778869269052,CANCELLED,2021-04-07T09:44:53.000Z
OD161778879726516,CANCELLED,2021-04-07T09:46:37.000Z
OD161778842212582,CANCELLED,2021-04-07T09:40:22.000Z
OD161778821384012,CANCELLED,2021-04-07T09:36:54.000Z
OD161778767577756,CANCELLED,2021-04-07T09:27:56.000Z
OD161778763994549,CANCELLED,2021-04-07T09:27:20.000Z
OD161778750554413,CANCELLED,2021-04-07T09:25:06.000Z
OD161778738531685,CANCELLED,2021-04-07T09:23:05.000Z
OD161778683231986,CANCELLED,2021-04-07T09:13:52.000Z
OD161778611854260,CANCELLED,2021-04-07T09:01:59.000Z
OD161778591889530,CANCELLED,2021-04-07T08:58:39.000Z
OD161778565462961,CANCELLED,2021-04-07T08:54:15.000Z
OD161778401998187,CANCELLED,2021-04-07T08:27:00.000Z
OD161778384459275,CANCELLED,2021-04-07T08:24:05.000Z
OD16177834998935,CANCELLED,2021-04-07T08:18:20.000Z
OD161778331697643,CANCELLED,2021-04-07T08:15:17.000Z
OD16177830394295,CANCELLED,2021-04-07T08:10:39.000Z
OD161778307281260,CANCELLED,2021-04-07T08:11:13.000Z
OD161778283069545,CANCELLED,2021-04-07T08:07:11.000Z
OD161778293824429,CANCELLED,2021-04-07T08:08:58.000Z
OD161778283006246,CANCELLED,2021-04-07T08:07:10.000Z
OD161778278808530,CANCELLED,2021-04-07T08:06:28.000Z
OD161778274347466,CANCELLED,2021-04-07T08:05:43.000Z
OD161778271488824,CANCELLED,2021-04-07T08:05:15.000Z
OD161778269330743,CANCELLED,2021-04-07T08:04:53.000Z
OD161778259135624,CANCELLED,2021-04-07T08:03:11.000Z
OD161778231183321,CANCELLED,2021-04-07T07:58:31.000Z
OD161778218175627,CANCELLED,2021-04-07T07:56:22.000Z
OD161778210673256,CANCELLED,2021-04-07T07:55:07.000Z
OD161778154380160,CANCELLED,2021-04-07T07:45:44.000Z
OD161778008064561,CANCELLED,2021-04-07T07:21:21.000Z
OD161777883679172,CANCELLED,2021-04-07T07:00:37.000Z
OD16177784807528,CANCELLED,2021-04-07T06:54:41.000Z
OD161777784564410,CANCELLED,2021-04-07T06:44:06.000Z
OD16177770946302,CANCELLED,2021-04-07T06:31:35.000Z
OD161777584728484,CANCELLED,2021-04-07T06:10:47.000Z
OD161777553020841,CANCELLED,2021-04-07T06:05:30.000Z
OD161777522278698,CANCELLED,2021-04-07T06:00:23.000Z
OD161777521112716,CANCELLED,2021-04-07T06:00:11.000Z
OD161777471718574,CANCELLED,2021-04-07T05:51:57.000Z
OD161777472108412,CANCELLED,2021-04-07T05:52:01.000Z
OD161777469298862,CANCELLED,2021-04-07T05:51:33.000Z
OD161777457762126,CANCELLED,2021-04-07T05:49:38.000Z
OD161777451440546,CANCELLED,2021-04-07T05:48:34.000Z
OD161777439673777,CANCELLED,2021-04-07T05:46:37.000Z
OD161777366104072,CANCELLED,2021-04-07T05:34:21.000Z
OD161777338538154,CANCELLED,2021-04-07T05:29:45.000Z
OD161777301457996,CANCELLED,2021-04-07T05:23:35.000Z
OD161777277820241,CANCELLED,2021-04-07T05:19:38.000Z
OD161777236444170,CANCELLED,2021-04-07T05:12:44.000Z
OD161777226924538,CANCELLED,2021-04-07T05:11:09.000Z
OD161777211325659,CANCELLED,2021-04-07T05:08:33.000Z
OD161777202863524,CANCELLED,2021-04-07T05:07:09.000Z
OD161777213516435,CANCELLED,2021-04-07T05:08:55.000Z
OD161777208329099,CANCELLED,2021-04-07T05:08:03.000Z
OD161777200257389,CANCELLED,2021-04-07T05:06:43.000Z
OD161777197338892,CANCELLED,2021-04-07T05:06:13.000Z
OD161777202798731,CANCELLED,2021-04-07T05:07:08.000Z
OD161777191603613,CANCELLED,2021-04-07T05:05:16.000Z
OD161777187689793,CANCELLED,2021-04-07T05:04:37.000Z
OD161777184607261,CANCELLED,2021-04-07T05:04:06.000Z
OD161777130168351,CANCELLED,2021-04-07T04:55:02.000Z
OD161777047997932,CANCELLED,2021-04-07T04:41:20.000Z
OD161777023502884,CANCELLED,2021-04-07T04:37:15.000Z
OD161776983192989,CANCELLED,2021-04-07T04:30:32.000Z
OD161776988978539,CANCELLED,2021-04-07T04:31:30.000Z
OD161776873058724,CANCELLED,2021-04-07T04:12:11.000Z
OD161776847321470,CANCELLED,2021-04-07T04:07:53.000Z
OD161776780710731,CANCELLED,2021-04-07T03:56:47.000Z
OD161776774833270,CANCELLED,2021-04-07T03:55:48.000Z
OD161776738879577,CANCELLED,2021-04-07T03:49:49.000Z
OD161776723673257,CANCELLED,2021-04-07T03:47:17.000Z
OD161776722109697,CANCELLED,2021-04-07T03:47:01.000Z
OD161776709961522,CANCELLED,2021-04-07T03:45:00.000Z
OD161776675436699,CANCELLED,2021-04-07T03:39:14.000Z
OD161776660568640,CANCELLED,2021-04-07T03:36:46.000Z
OD161776640838875,CANCELLED,2021-04-07T03:33:28.000Z
OD161776599689820,CANCELLED,2021-04-07T03:26:37.000Z
OD161776395081243,CANCELLED,2021-04-07T02:52:31.000Z
OD161776389279691,CANCELLED,2021-04-07T02:51:33.000Z
OD161776337047276,CANCELLED,2021-04-07T02:42:50.000Z
OD161776339313412,CANCELLED,2021-04-07T02:43:13.000Z
OD161776339388921,CANCELLED,2021-04-07T02:43:14.000Z
OD161776290003265,CANCELLED,2021-04-07T02:35:00.000Z
OD161776182465170,CANCELLED,2021-04-07T02:17:04.000Z
OD16177617826032,CANCELLED,2021-04-07T02:16:23.000Z
OD161776071189561,CANCELLED,2021-04-07T01:58:32.000Z
OD161776034798061,CANCELLED,2021-04-07T01:52:28.000Z
OD161776032229794,CANCELLED,2021-04-07T01:52:02.000Z
OD161776028663544,CANCELLED,2021-04-07T01:51:27.000Z
OD161775957508826,CANCELLED,2021-04-07T01:39:35.000Z
OD161775951726032,CANCELLED,2021-04-07T01:38:37.000Z
OD161775948864850,CANCELLED,2021-04-07T01:38:09.000Z
OD161775919473646,CANCELLED,2021-04-07T01:33:15.000Z
OD161775894098217,CANCELLED,2021-04-07T01:29:01.000Z
OD161775899675583,CANCELLED,2021-04-07T01:29:57.000Z
OD161775894488445,CANCELLED,2021-04-07T01:29:05.000Z
OD161775771780740,CANCELLED,2021-04-07T01:08:38.000Z
OD161775768478354,CANCELLED,2021-04-07T01:08:05.000Z
OD161775743457652,CANCELLED,2021-04-07T01:03:55.000Z
OD161775709872896,CANCELLED,2021-04-07T00:58:19.000Z
OD161775696038822,CANCELLED,2021-04-07T00:56:00.000Z
OD161775683318221,CANCELLED,2021-04-07T00:53:53.000Z
OD161775679274331,CANCELLED,2021-04-07T00:53:13.000Z
OD161775673653074,CANCELLED,2021-04-07T00:52:17.000Z
OD161775636105993,CANCELLED,2021-04-07T00:46:01.000Z
OD16177560403163,CANCELLED,2021-04-07T00:40:40.000Z
OD161775582347945,CANCELLED,2021-04-07T00:37:03.000Z
OD161775370467142,CANCELLED,2021-04-07T00:01:45.000Z
id,status,createdAt
2019121824100335653045356,CANCELLED,2019-12-18T00:00:00.000Z
id,status,createdAt
2019121824091436203105354,CANCELLED,2019-12-18T00:00:00.000Z
id,status,createdAt
2019121824124115604023361,CANCELLED,2019-12-18T00:00:00.000Z
id,status,createdAt
2019121824091039618535353,CANCELLED,2019-12-18T00:00:00.000Z
id,status,createdAt
2019121824102340914932359,CANCELLED,2019-12-18T00:00:00.000Z
id,status,createdAt
2019121824084709977936350,CANCELLED,2019-12-18T00:00:00.000Z
id,status,createdAt
2019121824084700539320349,CANCELLED,2019-12-18T00:00:00.000Z
id,status,createdAt
2019121824042509587647361,CANCELLED,2019-12-18T00:00:00.000Z
id,status,createdAt
2019121824084709977936350,CANCELLED,2019-12-18T00:00:00.000Z
id,status,createdAt
2019121824100335653045356,CANCELLED,2019-12-18T00:00:00.000Z
id,status,createdAt
2019121824091039618535353,CANCELLED,2019-12-18T00:00:00.000Z
id,status,createdAt
2019121824091436203105354,CANCELLED,2019-12-18T00:00:00.000Z
id,status,createdAt
2019121824124115604023361,CANCELLED,2019-12-18T00:00:00.000Z
id,status,createdAt
2019121824084700539320349,CANCELLED,2019-12-18T00:00:00.000Z
id,status,createdAt
2019121824102340914932359,CANCELLED,2019-12-18T00:00:00.000Z
id,status,createdAt
2019121824042509587647361,CANCELLED,2019-12-18T00:00:00.000Z
id,status,createdAt
20191231241111112501903WA,CANCELLED,2019-12-23T00:00:00.000Z
id,status,createdAt
20191231241111112501902WA,CANCELLED,2019-12-23T00:00:00.000Z
id,status,createdAt
20191231241111112501903WA,CANCELLED,2019-12-23T00:00:00.000Z
id,status,createdAt
20191231241111112501902WA,CANCELLED,2019-12-23T00:00:00.000Z
2019121824124115604023361,CANCELLED,2019-12-18T00:00:00.000Z
2019121824084700539320349,CANCELLED,2019-12-18T00:00:00.000Z
2019121824102340914932359,CANCELLED,2019-12-18T00:00:00.000Z
2019121824042509587647361,CANCELLED,2019-12-18T00:00:00.000Z
2019121824091436203105354,CANCELLED,2019-12-18T00:00:00.000Z
2019121824091039618535353,CANCELLED,2019-12-18T00:00:00.000Z
2019121824100335653045356,CANCELLED,2019-12-18T00:00:00.000Z
2019121824084709977936350,CANCELLED,2019-12-18T00:00:00.000Z
2019121824102340914932359,CANCELLED,2019-12-18T00:00:00.000Z
2019121824100335653045356,CANCELLED,2019-12-18T00:00:00.000Z
2019121824124115604023361,CANCELLED,2019-12-18T00:00:00.000Z
2019121824042509587647361,CANCELLED,2019-12-18T00:00:00.000Z
2019121824091436203105354,CANCELLED,2019-12-18T00:00:00.000Z
2019121824091039618535353,CANCELLED,2019-12-18T00:00:00.000Z
2019121824084700539320349,CANCELLED,2019-12-18T00:00:00.000Z
2019121824084709977936350,CANCELLED,2019-12-18T00:00:00.000Z
20191231241111112501902WA,CANCELLED,2019-12-23T00:00:00.000Z
20191231241111112501903WA,CANCELLED,2019-12-23T00:00:00.000Z
20191231241111112501902WA,CANCELLED,2019-12-23T00:00:00.000Z
20191231241111112501903WA,CANCELLED,2019-12-23T00:00:00.000Z
2019121824102340914932359,CANCELLED,2019-12-18T00:00:00.000Z
2019121824084700539320349,CANCELLED,2019-12-18T00:00:00.000Z
2019121824091436203105354,CANCELLED,2019-12-18T00:00:00.000Z
2019121824124115604023361,CANCELLED,2019-12-18T00:00:00.000Z
2019121824084709977936350,CANCELLED,2019-12-18T00:00:00.000Z
2019121824100335653045356,CANCELLED,2019-12-18T00:00:00.000Z
2019121824091039618535353,CANCELLED,2019-12-18T00:00:00.000Z
2019121824042509587647361,CANCELLED,2019-12-18T00:00:00.000Z
2019121824091039618535353,CANCELLED,2019-12-18T00:00:00.000Z
2019121824124115604023361,CANCELLED,2019-12-18T00:00:00.000Z
2019121824100335653045356,CANCELLED,2019-12-18T00:00:00.000Z
2019121824102340914932359,CANCELLED,2019-12-18T00:00:00.000Z
2019121824091436203105354,CANCELLED,2019-12-18T00:00:00.000Z
2019121824084709977936350,CANCELLED,2019-12-18T00:00:00.000Z
2019121824042509587647361,CANCELLED,2019-12-18T00:00:00.000Z
2019121824084700539320349,CANCELLED,2019-12-18T00:00:00.000Z
20191231241111112501903WA,CANCELLED,2019-12-23T00:00:00.000Z
20191231241111112501902WA,CANCELLED,2019-12-23T00:00:00.000Z
20191231241111112501902WA,CANCELLED,2019-12-23T00:00:00.000Z
20191231241111112501903WA,CANCELLED,2019-12-23T00:00:00.000Z
